kode_tempat,jenis_perangkat,hostname,merk_spek,ip_perangkat,kondisi
JNR,PC,JN-PPKA,ASUS K31AD,10.11.30.7,SO
JNR,PC,JN-LOKAL,DELL,10.11.30.3,SO
JNR,PC,JN-RESERVASI,ASUS K31AD,10.11.30.2,SO
JNR,PC,JN-BRD,HP-PRO 3005 MT,10.11.30.11,SO
JNR,PC,JN-JJ2,DELL,10.11.30.5,SO
JNR,PC,JN-JJ1,RAKITAN,10.11.30.9,SO
JNR,PC,JN-SISATD,ACER ASPIRE M1900,10.11.30.10,SO
JNR,Printer,EPSON L220,EPSON L220,,SO
JNR,Printer,CUSTOM KUBE II,CUSTOM KUBE II,,SO
JNR,Printer,CUSTOM KUBE II,CUSTOM KUBE II,,SO
JNR,Printer,EPSON LX-310,EPSON LX-310,,SO
JNR,Printer,EPSON L360,EPSON L360,,SO
JNR,Printer,CANON MP287,CANON MP287,,SO
WOJO,PC,PPKA,COMPAQ - Core i3 -2120,10.11.44.2,SO
WOJO,PC,WJ-LOKET,HP 510-p013l - Core i3 -6100t,10.11.44.5,SO
WOJO,PC,KCI LOKET,Dell OptiPlex 3020 - CORE i3-3450,,SO
WOJO,PC,WJ-TAY,INTEL - NUC6CAYH - INTEL CELRON,10.11.44.78,SO
WOJO,PC,WJ-TYNG,INTEL - NUC6CAYH - INTEL CELRON,10.11.44.77,SO
WOJO,PC,WJ-Boarding,Asus - K31AD - core i3 -4170,10.11.44.9,SO
WOJO,PC,CIC,,10.11.44.8,SO
WOJO,PC,WJ-JJADM1,Lenovo 510-15ICB - Core i5-9400,10.11.44.13,SO
WOJO,PC,JJ-ADM2,Dell - OPTIPLEX 3020 - Core i3 -4150,10.11.44.12,SO
WOJO,Printer,EPSON,EPSON,,SO
WOJO,Printer,JANZ PT-350,JANZ PT-350,,SO
WOJO,Printer,janz,janz,,SO
WOJO,Printer,CANON  MP287,CANON  MP287,,SO
WTS,PC,WT-CIC,ASUS K31AD - Core i3-4170,10.11.39.9,SO
WTS,PC,WT-BOARDING,RAKITAN - Penitum Dualcore,10.11.39.7,SO
WTS,PC,WT-SISATD,RAKITAN - Penitum Dualcore,10.11.39.20,SO
WTS,PC,WT-GOSHOW,ASUS K31AD - Core i3-4170,10.11.39.8,SO
WTS,PC,WT-PRAMEKS,HP PRO 3330 MT,10.11.39.2,SO
WTS,PC,WT-RESER,HP - compaq pro 4300s,10.11.39.3,SO
WTS,PC,WT-BRDBDR,,10.11.39.23,SO
WTS,PC,WT-LKTBDR,,10.11.39.21,SO
WTS,PC,WT-CICBDR,,10.11.38.22,SO
WTS,PC,WT-TAYBDR,intel NUC - INTEL CELERON,10.11.39.77,SO
WTS,PC,WT-ADM,COMPAQ CQ3321L,10.11.39.4,SO
WTS,PC,WT-KS,ASUS K31AD - Core i3 -4170,10.11.39.24,SO
WTS,PC,WT-PPKA,DELL,10.11.39.6,SO
WTS,PC,WT-JJ2,RAKITAN,,SO
WTS,PC,WT-JJ1,DELL,10.11.39.15,SO
WTS,PC,WT-STLADM2,HP PRO 3330 MT,10.11.39.11,SO
WTS,PC,WT-STLADM1,LENOVO q190,10.11.39.10,SO
WTS,Printer,EPSON TM-T88V,EPSON TM-T88V,,SO
WTS,Printer,CUSTOM KUBE ii,CUSTOM KUBE ii,,SO
WTS,Printer,CUSTOM KUBE ii,CUSTOM KUBE ii,,SO
WTS,Printer,DATALOGIC,DATALOGIC,,SO
WTS,Printer,janz  pt-350,janz  pt-350,,SO
WTS,Printer,OKI MICROLINE 320,OKI MICROLINE 320,,SO
WTS,Printer,EPSON L3110,EPSON L3110,,SO
WTS,Printer,EPSON L220,EPSON L220,,SO
WTS,Printer,EPSON L120,EPSON L120,,SO
WTS,Printer,CANON MP 287,CANON MP 287,,SO
WTS,Printer,EPSON L210,EPSON L210,,SO
STO,PC,STL-PPKA,ASUS K31AD,10.11.67.2,SO
STO,PC,1,,,SO
STO,Printer,EPSON L210,EPSON L210,,SO
RWL,PC,RWL-PPKA,DELL,10.11.48.2,SO
RWL,PC,RWL-KS,ASUS K31AD,10.11.48.11,SO
RWL,PC,RWL-PUG,,10.11.48.60,SO
RWL,PC,RWL-ANGBAR,,10.11.48.3,SO
RWL,PC,RWL-SINTEL,HP PRO 3300 MT,10.11.48.7,SO
RWL,PC,SK64-RWL,DELL OPTIPLEX 3020,10.11.48.30,SO
RWL,PC,RWL-ADM,RAKITAN,,SO
RWL,Printer,EPSON LX310,EPSON LX310,,SO
RWL,Printer,EPSON L210,EPSON L210,,SO
RWL,Printer,EPSON L220,EPSON L220,,SO
RWL,Printer,EPSON L385,EPSON L385,,SO
RWL,Printer,EPSON L210,EPSON L210,,SO
RWL,Printer,CANON PIXMA MP287,CANON PIXMA MP287,,SO
RWL,Printer,EPSON L310,EPSON L310,,SO
RWL,Router,Router JUNIPER,JUNIPER,,SO
RWL,Switch,Switch DLINK,DLINK,,SO
RWL,Switch,Switch DLINK,DLINK,,SO
RWL,Switch,Switch DLINK,DLINK,,SO
RWL,Switch,Switch DLINK,DLINK,,SO
RWL,Switch,Switch DLINK,DLINK,,SO
PTK,PC,PTN-PPKA,HP 251-121DDT,10.11.49.2,SO
PTK,PC,PTN-JRK,RAKITAN,10.11.49.9,SO
PTK,PC,PTN-JRK,DELL OPTIPLEX 3020,10.11.49.10,SO
PTK,Printer,EPSON L120,EPSON L120,,SO
PTK,Printer,BROTHER DCP-J100,BROTHER DCP-J100,,SO
PTK,Router,Router JUNIPER,JUNIPER,,SO
PTK,Switch,Switch DLINK,DLINK,,SO
PTK,Switch,Switch TPLINK,TPLINK,,SO
TUG,PC,YK-PKTAYANGAN,RAKITAN - AMD A4-6300,10.11.1.159,SO
TUG,PC,YK-PUSDALTMSV1,HP P6130L,10.11.1.155,SO
TUG,PC,YK-PKEVALUATOR,HP PRO 3005 MT - AMD Phenom II X2,10.11.1.152,SO
TUG,PC,YK-PKOCDALSAR,HP PRO 3005 MT - AMD Phenom II X2,10.11.1.150,SO
TUG,PC,YK-PK-OCOP,DELL OPTIPLEX 3020 - Core i3 -4150,10.11.1.151,SO
TUG,PC,YK-PK-EVA,DELL OPTIPLEX 3020 - Core i3 -4150,10.11.1.154,SO
TUG,PC,YK-PK-SS,HP 120-021D - CORE i3 -4160,10.11.1.158,SO
TUG,PC,YK-KAPUSDAL,HP 120-021D - CORE i3 -4160,10.11.1.165,SO
TUG,PC,YK-PUSDALTMSV2,COMPAQ CQ3321L,10.11.1.156,SO
TUG,PC,YK-PK-OR,LENOVO - Pentium,10.11.1.153,SO
TUG,PC,YK-PUSDALCCTV,HPE Proliant ML 110 Gen10 - Intel Xeon Bronze 3104,10.11.1.79,SO
TUG,PC,YK-GSHOWLOKAL,,,SO
TUG,PC,PC PRAMEKS RES,DELL OPTIPLEX 3020 - Core i3 -4150,,SO
TUG,PC,GO SOW RES,DELL OPTIPLEX 3020 - Core i3 -4150,,SO
TUG,PC,GO SOW LX,DELL OPTIPLEX 3020 - Core i3 -4150,,SO
TUG,PC,YK-RESLOKAL2,DELL OPTIPLEX 3020 - Core i3 -4150,,SO
TUG,PC,YK-RESERV2,DELL OPTIPLEX 3020 - Core i3 -4150,,SO
TUG,PC,YK-RESERV1,DELL OPTIPLEX 3020 - Core i3 -4150,,SO
TUG,PC,YK-RESLOKAL1,Rakitan - Core 2 duo,,SO
TUG,PC,YK-BPASS,HP PAVILLION A6630I - Core 2 duo,,SO
TUG,PC,SAV-DAOP6,p,,SO
TUG,PC,CIC-YK1,Dell - Inspiron 3670 - Core i3 -8100,10.11.1.40,SO
TUG,PC,CIC-YK2,Dell - Inspiron 3670 - Core i3 -8100,10.11.1.41,SO
TUG,PC,CIC-YK3,HP 110-050D - Core i3 -3240,10.11.1.42,SO
TUG,PC,CIC-YK4,HPCQ3321D - Core i3 -540,10.11.1.43,SO
TUG,PC,CIC-YK5,HP - 280 G2 SFF Business - Core i3 -6100,10.11.1.44,SO
TUG,PC,CIC-YK6,HP - 280 G2 SFF Business - Core i3 -6100,10.11.1.45,SO
TUG,PC,CIC-YK7,Dell - Inspiron 3670 - Core i3 -8100,10.11.1.46,SO
TUG,PC,CIC-YK8,Dell - Inspiron 3670 - Core i3 -8100,10.11.1.47,SO
TUG,PC,CIC-YK9,Dell - Inspiron 3670 - Core i3 -8100,10.11.1.48,SO
TUG,PC,BRD-YK1,,10.11.1.33,SO
TUG,PC,BRD-YK2,,10.11.1.34,SO
TUG,PC,BRD-YK3,HP - 3005mt,10.11.1.35,SO
TUG,PC,BRD-YK4,ASUS K31AD,10.11.1.36,SO
TUG,PC,YK-LOKET6,,,SO
TUG,PC,YK-LOKET5,,,SO
TUG,PC,YK-LOKET4,ASUS K31AD - Core i3 -4170,,SO
TUG,PC,YK-LOKET3 (GOSHOWTIMUR3),,,SO
TUG,PC,YK-OA,DEL OPTIPLEX 3020 - CORE i3-3450,10.11.1.20,SO
TUG,PC,YK-ANGBAR1,,10.11.1.128,SO
TUG,PC,YK-ANGBAR2,HP PRO 3330 MT - Core 13 -3240,10.11.1.129,SO
TUG,PC,YK-KS,HP 120-021D - Core i3 -4160,10.11.1.30,SO
TUG,PC,YK-STAFF_KSB,,10.11.1.29,SO
TUG,PC,YK-ADM,rakitan - Pentium,10.11.1.137,SO
TUG,PC,YK-PBD1,DEL OPTIPLEX 3020 - CORE i3-3450,10.11.1.131,SO
TUG,PC,YK-PBD2,HP - Compaq CQ3321L,10.11.1.132,SO
TUG,PC,YK-WOKRSHOP1,,10.11.1.69,SO
TUG,PC,YK-WOKRSHOP2,,10.11.1.70,SO
TUG,PC,YK-WORKSHOP3,,10.11.1.68,SO
TUG,PC,YK-CS3,DELL INSPIRON - CORE I3- 74000,10.11.1.25,SO
TUG,PC,YK-CS2,HP P6130L - Core 2 duo,10.11.1.24,SO
TUG,PC,YK CS1,,10.11.1.23,SO
TUG,PC,YK-SERVERANTRI,Acer - ASPIRE AM3920,10.11.1.81,SO
TUG,PC,YK-PRINTANTRI,intel NUC5CPYH - INTEL CELERON,10.11.1.82,SO
TUG,PC,YK-TAY-KEB,HP 510p013L - core i3-6100,10.11.1.74,SO
TUG,PC,YK-TAY-KED,LENOVO - core i3-6100,10.11.1.75,SO
TUG,PC,YK-TAYSISATD,LENOVO - INTEL CELERON,10.11.1.76,SO
TUG,PC,YK-TAY-KS,intel NUC7i3BNH - core i3 -7100u,10.11.1.78,SO
TUG,PC,YK-TAY_BDR,INTEL - NUC6CAYH - INTEL CELERON,10.11.1.77,SO
TUG,PC,YK-TAYINFOKA,RAKITAN,10.11.1.116,SO
TUG,PC,YK-TAYINFOJALUR,HP 280 G3 MT - Core i3 -7100,10.11.1.115,SO
TUG,PC,YK-PAP,HP - 510-P013L,10.11.1.114,SO
TUG,PC,YK-PAM,,10.11.1.120,SO
TUG,PC,YK-PAM2,Dell - OPTIPLEX 3020 - Core i3 -4150,10.11.1.119,SO
TUG,PC,YK-POSKES,Dell - Vostro 3670 - Core i3 -8100,10.11.1.125,SO
TUG,PC,YK-NX,Dell - Vostro 3670 - Core i3 -8100,10.11.1.162,SO
TUG,PC,YK-SINTELADM1,MINI PC LENOVO IDEA CORE - Core i3-3217u,10.11.1.85,SO
TUG,PC,YK-SINTELADM2,HP PRO 3330MT - Core i3 -3240,10.11.1.86,SO
TUG,PC,YK-CSOT1,HP - 280 G2 SFF Business - core i3 -6100,10.11.1.110,SO
TUG,PC,YK-SOT,Dell - OPTIPLEX 3020 - CORE I3 -4150,10.11.1.112,SO
TUG,PC,YK-SOTTAY,Asus - VM65 - Core 13 -7100U,10.11.1.111,SO
TUG,PC,YK-LANGSIR,HP P2-1150L - Core i3 -2120t,10.11.1.101,SO
TUG,PC,YK-ME,Rakitan - Core i3 -3210,10.11.1.104,SO
TUG,PC,YK-PAM_MAN,p,10.11.1.64,SO
TUG,PC,YK-PAM_ADM1,p,10.11.1.62,SO
TUG,PC,YK-PAM_ADM2,p,10.11.1.61,SO
TUG,PC,YK-FAS1,P,10.11.1.91,SO
TUG,PC,YK-FAS2,P,10.11.1.92,SO
TUG,PC,YK-FAS3,P,10.11.1.93,SO
TUG,PC,YK-FAS4,P,10.11.1.94,SO
TUG,PC,YK-FAS5,P,10.11.1.95,SO
TUG,PC,YK-FAS6,P,10.11.1.96,SO
TUG,PC,YK-FASAM,P,10.11.1.97,SO
TUG,PC,YK-FASNB,,DHCP,SO
TUG,Printer,CANON IP 2770,CANON IP 2770,,SO
TUG,Printer,EPSON L210,EPSON L210,,SO
TUG,Printer,janz  pt-350,janz  pt-350,,SO
TUG,Printer,CUSTOM KUBE II,CUSTOM KUBE II,,SO
TUG,Printer,CUSTOM KUBE II,CUSTOM KUBE II,,SO
TUG,Printer,EPSON LX310,EPSON LX310,,SO
TUG,Printer,CUSTOM KUBE II,CUSTOM KUBE II,,SO
TUG,Printer,EPSON L310,EPSON L310,,SO
TUG,Printer,EPSON L310,EPSON L310,,SO
TUG,Printer,janz  pt-350,janz  pt-350,,SO
TUG,Printer,janz  pt-350,janz  pt-350,,SO
TUG,Printer,janz  pt-350,janz  pt-350,,SO
TUG,Printer,janz  pt-350,janz  pt-350,,SO
TUG,Printer,janz  pt-350,janz  pt-350,,SO
TUG,Printer,janz  pt-350,janz  pt-350,,SO
TUG,Printer,janz  pt-350,janz  pt-350,,SO
TUG,Printer,janz  pt-350,janz  pt-350,,SO
TUG,Printer,janz  pt-350,janz  pt-350,,SO
TUG,Printer,janz  pt-350,janz  pt-350,,SO
TUG,Printer,EPSON LX-310,EPSON LX-310,,SO
TUG,Printer,janz  pt-350,janz  pt-350,,SO
TUG,Printer,EPSON LX310,EPSON LX310,,SO
TUG,Printer,janz  pt-350,janz  pt-350,,SO
TUG,Printer,EPSON L360,EPSON L360,,SO
TUG,Printer,e,e,,SO
TUG,Printer,e,e,,SO
TUG,Printer,EPSON L220,EPSON L220,,SO
TUG,Printer,Epson - L3110,Epson - L3110,,SO
TUG,Printer,EPSON L220,EPSON L220,,SO
TUG,Printer,EPSON L360,EPSON L360,,SO
TUG,Printer,EPSON L210,EPSON L210,,SO
TUG,Printer,e,e,,SO
TUG,Printer,EPSON LX-310,EPSON LX-310,,SO
TUG,Printer,EPSON L3110,EPSON L3110,,SO
TUG,Printer,EPSON L120,EPSON L120,,SO
TUG,Printer,EPSON L360,EPSON L360,,SO
TUG,Printer,EPSON L210,EPSON L210,,SO
TUG,Printer,EPSON L220,EPSON L220,,SO
TUG,Printer,EPSON LX310,EPSON LX310,,SO
TUG,Switch,Switch AT-,AT-,,SO
TUG,Switch,Switch DLINK,DLINK,,SO
LPN,PC,LPN-CIC5,ASUS K31AD - Core i3 -4170,10.11.2.6,SO
LPN,PC,LPN-CIC4,ACER ASPIRE M1900 - DUALCORE E5800,10.11.2.5,SO
LPN,PC,LPN-CIC3,COMPAQ PRESARIOCQ 3000 SERIES - Core i3-550,10.11.2.4,SO
LPN,PC,LPN-CIC2,COMPAQ PRESARIOCQ 3000 SERIES - Core i3-540,10.11.2.3,SO
LPN,PC,LPN-CIC1,COMPAQ PRESARIOCQ 3000 SERIES - Core i3-550,10.11.2.7,SO
LPN,PC,KSB_LPN,lenovo - Pentium,10.11.2.23,SO
LPN,PC,LPN-PAP,DELL - Core i3-4150,10.11.2.24,SO
LPN,PC,LPN-RTXT,Rakitan - CORE i3-8100,10.11.2.116,SO
LPN,PC,LPN-L4RES,DELL - Core i3-4150,10.11.2.14,SO
LPN,PC,LPN-L8RES,Rakitan - Core i3 -2100,10.11.2.8,SO
LPN,PC,LPN-L5RES,HP g3333I - Pentium dual core,10.11.2.13,SO
LPN,PC,LPN-L3RES,,10.11.2.12,SO
LPN,PC,LPN-OPR,HP PRO 3005mt - AMD Phenom II X2,10.11.2.15,SO
LPN,PC,LPN-L6GSHOW,,,SO
LPN,PC,LPN-L1GSHOW,,10.11.2.10,SO
LPN,PC,LPN-L2GSHOW,HP - Compaq Pro 4300 - core 13 -3240,10.11.2.11,SO
LPN,PC,LPN-POSKES,DELL VOSTRO - CORE i3-8100,10.11.2.25,SO
LPN,PC,LPN-PAM,,10.11.2.86,SO
LPN,PC,LPN-BOARDING2,,10.11.2.18,SO
LPN,PC,LPN-BOARDING,,10.11.2.19,SO
LPN,PC,LPN-ECARGO,,10.11.2.27,SO
LPN,PC,LPN-SIBARKA1,HP COMPAC 6005 - AMD Phenom II X2,10.11.2.17,SO
LPN,PC,LPN-TAYSISATD,Lenovo - Q190-10115 - core i3 -3217u,10.11.2.20,SO
LPN,PC,LPN-TAYKEB,INTEL NUC,10.11.2.235,SO
LPN,PC,LPN-ANTRIAN_PRINT,INTEL NUC - INTEL CELERON,10.11.2.82,SO
LPN,PC,LPN-ANTRISERVER,INTEL NUC - INTEL CELERON,10.11.2.81,SO
LPN,PC,JSP,,10.11.2.26,SO
LPN,PC,jsp,,,SO
LPN,PC,LPN-JJYKADM1,,10.11.2.96,SO
LPN,PC,LPN-JJRKT,Rakitan,10.11.2.97,SO
LPN,PC,LPN-PUK_ADM1,HP - Pro 3005 MT - AMD Phenom II X2,10.11.2.202,SO
LPN,PC,LPN-PUK_SAP,Asus - K31AD - Core i3 -4170,10.11.2.203,SO
LPN,PC,32,19,,SO
LPN,Printer,JANZ,JANZ,,SO
LPN,Printer,JANZ,JANZ,,SO
LPN,Printer,JANZ,JANZ,,SO
LPN,Printer,JANZ,JANZ,,SO
LPN,Printer,JANZ,JANZ,,SO
LPN,Printer,EPSON L220,EPSON L220,,SO
LPN,Printer,EPSON LX-310,EPSON LX-310,,SO
LPN,Printer,EPSON LX310,EPSON LX310,,SO
LPN,Printer,CUSTOM KUBE II,CUSTOM KUBE II,,SO
LPN,Printer,CUSTOM KUBE II,CUSTOM KUBE II,,SO
LPN,Printer,EPSON L310,EPSON L310,,SO
LPN,Printer,EPSON L360,EPSON L360,,SO
LPN,Printer,EPSON L360,EPSON L360,,SO
LPN,Printer,EPSON L360,EPSON L360,,SO
LPN,Printer,FUJITSU,FUJITSU,,SO
LPN,Printer,EPSONL 31O,EPSONL 31O,,SO
LPN,Printer,EPSON TM88V,EPSON TM88V,,SO
LPN,Printer,17,17,,SO
MGW,PC,MGW-PPKA,,10.11.33.5,SO
MGW,PC,MGW-KS,ASUS K31AD,,SO
MGW,PC,MGW-RESER,,10.11.33.2,SO
MGW,PC,MGW-GOSHOW,,10.11.33.3,SO
BRB,PC,BBN-LKT,Asus - K31AD - core i3 -4170,10.11.34.2,SO
BRB,PC,BBN-PPKA,Dell - OPTIPLEX 3020 - core i3 -4150,10.11.34.3,SO
BRB,PC,BBN-STAFFOP,Asus - K31AD - core i3 -4170,10.11.34.4,SO
BRB,PC,BBN-ANGKBAR,,10.11.34.5,SO
BRB,PC,BBN-STLADM,Lenovo - Q190-10115 - core i3-32170U,10.11.34.15,SO
BRB,PC,BBN-SK66-ADM,rakitan - core i3-2120,10.11.34.104,SO
BRB,PC,BBN-stladm2,MERK,10.11.34.16,SO
BRB,PC,BBN-SK66,Dell - OPTIPLEX 3020 - core i3-4150,10.11.34.105,SO
BRB,PC,10.11.34.101,,,SO
BRB,PC,10.11.34.100,,,SO
BRB,PC,10.11.34.64,,,SO
BRB,Printer,LOGITECH 760P,LOGITECH 760P,,SO
KLT,PC,KT-CIC1,HP - Compaq CQ3321L - core i3 -550,10.11.24.7,SO
KLT,PC,KT-CIC2,ACER ASPIRE - Pentium dual core,10.11.24.8,SO
KLT,PC,KT-CIC3,Asus - K31AD - Core i3-4170,10.11.24.18,SO
KLT,PC,KT-BOARDING2,HP Pro 3330 MT - Core i3-3240,10.11.24.11,SO
KLT,PC,KT-BOARDING1,HP - COMPAQ CQ3622L - core i3-2120,10.11.24.15,SO
KLT,PC,KT-ADM,,10.11.24.4,SO
KLT,PC,KT-RESERJJ,Dell - OPTIPLEX 3020 - core i3 -4150,10.11.24.3,SO
KLT,PC,KT-SISATD,intel NUC - INTEL CELERON,10.11.24.20,SO
KLT,PC,KT-PPKA,HP 120 DESKTOP PC - Core i3 -4160,10.11.24.11,SO
KLT,PC,KT-JJ1,Rakitan,,SO
KLT,PC,KT-SK67,Dell - OPTIPLEX 3020 - core i3 -4150,10.11.58.2,SO
KLT,PC,KT-L_goshow,Dell - OPTIPLEX 3020 - core i3 -4150,10.11.24.5,SO
KLT,PC,KT-KS,intel NUC5CPYH - INTEL CELERON,10.11.24.6,SO
KLT,PC,KT-STLADM,Dell - OPTIPLEX 3020 - core i3 -4150,10.11.24.61,SO
KLT,PC,KT-STLADM2,Lenovo - Q190-10115 - Core i3 -3217u,10.11.24.60,SO
KLT,Printer,CUSTOM KUBE II,CUSTOM KUBE II,,SO
KLT,Printer,janz  pt-350,janz  pt-350,,SO
KLT,Printer,janz  pt-350,janz  pt-350,,SO
KLT,Printer,DATALOGIC,DATALOGIC,,SO
KLT,Printer,DATALOGIC,DATALOGIC,,SO
KLT,Printer,CUSTOM KUBE II,CUSTOM KUBE II,,SO
KLT,Printer,EPSON L220,EPSON L220,,SO
KLT,Printer,CANON,CANON,,SO
KLT,Printer,EPSON L360,EPSON L360,,SO
KLT,Printer,EPSON L3110,EPSON L3110,,SO
KLT,Router,Router JUNIPER,JUNIPER,,SO
KLT,Switch,Switch ATI,ATI,,SO
KLT,Switch,Switch HUAWEI,HUAWEI,,SO
KLT,Switch,Switch HUAWEI,HUAWEI,,SO
KLT,Switch,Switch DLINK,DLINK,,SO
KLT,Switch,Switch ATI,ATI,,SO
KLT,Switch,Switch DLINK,DLINK,,SO
DAOP6,PC,DAOP-PBJ_SPV1,,10.11.0.2,SO
DAOP6,PC,DAOP-PBJ_SPV2,HP G3435D - Pentium dual core,10.11.0.3,SO
DAOP6,PC,DAOP-PBJ_SPV3,,10.11.0.4,SO
DAOP6,PC,DAOP-PBJ_ADMIN1,,10.11.0.5,SO
DAOP6,PC,DAOP-PBJ_ADMIN2,,10.11.0.6,SO
DAOP6,PC,DAOP-PBJ_ASSMAN,,10.11.0.7,SO
DAOP6,PC,DAOP-PBJ_MAN,,10.11.0.8,SO
DAOP6,PC,DAOP-SDM_ADM1,HP 3330 mt - Core i3 -3240,10.11.0.10,SO
DAOP6,PC,DAOP-SDM_ADM2,Rakitan - Pentium,10.11.0.11,SO
DAOP6,PC,DAOP-SDM_ADM3,HP PRO 3005mt - AMD Phenom II X2,10.11.0.12,SO
DAOP6,PC,DAOP-SDM_ADM4,HP PRO 3005mt - AMD Phenom II X2,10.11.0.13,SO
DAOP6,PC,DAOP-SDM_ADM5,HP PAVILLION P6000 - Core i5 -650,10.11.0.14,SO
DAOP6,PC,DAOP-SDM_ADM7,Rakitan - Core i3 -2100,10.11.0.16,SO
DAOP6,PC,DAOP-SDM_ADM8,HP - p2-1450d,10.11.0.28,SO
DAOP6,PC,DAOP-KRT_ADM1,Asus Dekstop pc - Core i3 -4170,10.11.0.18,SO
DAOP6,PC,DAOP-KRT_ADM2,ASUS - Core i3 -4160,10.11.0.19,SO
DAOP6,PC,DAOP-KRT_ADM3,ACER ASPIRE M1900 - Pentium dual core,10.11.0.20,SO
DAOP6,PC,DAOP-KRT_ADM4,Rakitan - Genuie Intel,10.11.0.17,SO
DAOP6,PC,DAOP-DOK_ADM1,ASUS P30AD - Core i3 -4160,10.11.0.23,SO
DAOP6,PC,DAOP-DOK_ADM2,ACER ASPIRE M3985 - Core i5 -3450,10.11.0.22,SO
DAOP6,PC,DAOP-DOK_ADM3,HP PRO 3330mt - Core i3 -3240,10.11.0.25,SO
DAOP6,PC,DAOP-SDM-JM,HP PRO 3330MT - Core i3 -3240,10.11.0.24,SO
DAOP6,PC,DAOP-KRT_JM,Asus - Core i3 -4170,10.11.0.27,SO
DAOP6,PC,DAOP-SDMMANAGER,,10.11.0.26,SO
DAOP6,PC,DAOP-DOK_AM,HP,,SO
DAOP6,PC,DAOP-SDMDSGN,DELL-Inspiron 3671 - Core i5 -9400,10.11.0.220,SO
DAOP6,PC,DAOP-SDM-FINGER,HP - Core i3 -4170,10.11.0.199,SO
DAOP6,PC,DAOP-SDMASSESMENT,,,SO
DAOP6,PC,DAOP-ANGBARAM1,,10.11.0.31,SO
DAOP6,PC,DAOP-ANGBARAM2,HP PRO 3005mt - AMD Phenom II X2,10.11.0.32,SO
DAOP6,PC,DAOP-ANGBARADM1,DELL VOSTRO - Core i3 -6100,10.11.0.35,SO
DAOP6,PC,DAOP-ANGBARADM2,,10.11.0.34,SO
DAOP6,PC,DAOP-ANGBAR_ADM3,,10.11.0.36,SO
DAOP6,PC,DAOP-BGDS_ADM1,ASUS K30AD - Core i3 -4160,10.11.0.37,SO
DAOP6,PC,DAOP-BGDS_ADM2,DELL INSPIRON 3250 - Core i5 -6400,10.11.0.38,SO
DAOP6,PC,DAOP-BGDS_ADM3,,10.11.0.39,SO
DAOP6,PC,DAOP-BGDS_AM1,DELL INSPIRON 3250 - Core i5 -6400,10.11.0.40,SO
DAOP6,PC,DAOP-BGDS_AM2,RAKITAN - Core i3 -3240,10.11.0.41,SO
DAOP6,PC,DAOP-BGDS_AM3,DELL INSPIRON 3250 - Core i5 -6400,10.11.0.42,SO
DAOP6,PC,DAOP-BGDS_ADM4,DELL INSPIRON 3671 - core i3 -10,10.11.0.43,SO
DAOP6,PC,DAOP-BGDS_ADM5,DELL INSPIRON 3671 - core i3 -10,10.11.0.44,SO
DAOP6,PC,DAOP-BGDS_MAN,DELL INSPIRON 3671 - core i3 -10,,SO
DAOP6,PC,DA6PC-PBB41942,DELL Desktop Precision 3630 Tower,,SO
DAOP6,PC,DAOP-AKUN_ADM1,DELL - Core i7 -10700,10.11.0.48,SO
DAOP6,PC,DAOP-AKUN_ADM2,DELL INSPIRON 3268 - Core i5 -7400,10.11.0.46,SO
DAOP6,PC,DAOP-AKUN_ADM3,HP PRO 3005mt - AMD Phenom II X2,10.11.0.47,SO
DAOP6,PC,DAOP-AKUN_ADM4,DELL VOSTRO - Core i7 -9700,10.11.0.48,SO
DAOP6,PC,DAOP-KEU_ADM1,DELL Vostro 3670,10.11.0.49,SO
DAOP6,PC,DAOP-KEU_ADM2,DELL INSPIRON 3670 - Core i5-8400,10.11.0.50,SO
DAOP6,PC,DAOP-KEU_ADM3,DELL INSPIRON 3268 - Core i5 -7400,10.11.0.51,SO
DAOP6,PC,DAOP-KEU_ADM4,DELL OptiPlex 5080,10.11.0.52,SO
DAOP6,PC,DAOP-ANG_ADM1,,10.11.0.61,SO
DAOP6,PC,DAOP-ANG_ADM2,DELL OptiPlex 5080,10.11.0.62,SO
DAOP6,PC,DAOP-ANG_ADM3,DELL INSPIRON 3268 - Core i5 -7400,10.11.0.63,SO
DAOP6,PC,DAOP-ANG_ADM4,DELL Vostro 3670,10.11.0.64,SO
DAOP6,PC,DAOP-PAJAK_ADM2,,10.11.0.65,SO
DAOP6,PC,DAOP-PAJAK_ADM1,DELL Vostro 3670,10.11.0.66,SO
DAOP6,PC,DAOP-KEU_ASSMAN,HP 110 Desktop PC - Core i3 -3240t,10.11.0.59,SO
DAOP6,PC,DAOP-ASMAN_ANGG,DELL INSPIRON 3268 - Core i5 -7400,10.11.0.58,SO
DAOP6,PC,DAOP-PAJAK_AM,,10.11.0.64,SO
DAOP6,PC,DAOP-KEU_MAN,,10.11.0.57,SO
DAOP6,PC,DAOP-HUKUM_ADM1,HP PRO 3005mt - AMD Phenom II X2,10,SO
DAOP6,PC,DAOP-HUKUM_ADM2,,10.11.0.69,SO
DAOP6,PC,DAOP-HUKUM_ADM3,,10.11.0.72,SO
DAOP6,PC,DAOP-HUKUM_MAN,,10.11.0.73,SO
DAOP6,PC,DAOP-SARANADM1,,10.11.0.74,SO
DAOP6,PC,DAOP-SARANAADM6,Rakitan - Core i3 -3210,10.11.0.82,SO
DAOP6,PC,DAOP-SARANAADM4,Rakitan - Core i3 -3240,10.11.0.77,SO
DAOP6,PC,DAOP-SARANAADM2,,10.11.0.75,SO
DAOP6,PC,DAOP-SARANAADM3,,10.11.0.76,SO
DAOP6,PC,DAOP-SARANAADM5,,10.11.0.78,SO
DAOP6,PC,DAOP-SARANAMAN,,10.11.0.79,SO
DAOP6,PC,DAOP-SARDSGN,DELL INSPIRON - CORE I5-9400,DHCP,SO
DAOP6,PC,DAOP-SARANA_AM,,10.11.4.131,SO
DAOP6,PC,DAOP-PNG_ADM1,HP p6130I - Core 2 duo,10.11.0.97,SO
DAOP6,PC,DAOP-PNG_ADM2,,10.11.0.98,SO
DAOP6,PC,DAOP-PNG_ADM3,ASUS K31AD,10.11.0.99,SO
DAOP6,PC,DAOP-KNA_AM1,ASUS K31AD - Core i3 -4170,10.11.0.103,SO
DAOP6,PC,DAOP-KNA_AM2,Dell - Vostro 3670,10.11.0.104,SO
DAOP6,PC,DAOP-KNA_ADM1,Dell - Vostro 3670,10.11.0.105,SO
DAOP6,PC,DAOP-KNA_ADM2,ASUS K31CD - CORE i3-6100,10.11.0.106,SO
DAOP6,PC,DAOP-KNA_ADM3,Dell - Vostro 3670,10.11.0.107,SO
DAOP6,PC,DAOP-KNA_ADM4,Dell - Vostro 3670,10.11.0.108,SO
DAOP6,PC,DAOP-KNA_ADM5,HP p2 - Core i3 -3220t,10.11.0.109,SO
DAOP6,PC,DAOP-KNA_ADM6,HP p2 - Core i3 -3220t,10.11.0.110,SO
DAOP6,PC,DAOP-KNA_ADM7,RAKITAN,10.11.0.111,SO
DAOP6,PC,DAOP-KKPT,ACER ASPIRE M3970 - Core i3 -2120,,SO
DAOP6,PC,DAOP-KKPT_ADM,HP p2 - Core I3-3220t,,SO
DAOP6,PC,DAOP-HUMAS_AM,HP - Core i5 -6400t,,SO
DAOP6,PC,DAOP-HUMAS_ADM,DELL INSPIRON - Core i5 -7400,,SO
DAOP6,PC,DAOP-HUMASDSGN,Dell Inspiron 3671 - Core i5 -9400,,SO
DAOP6,PC,DAOP-OP_MAN,,10.11.0.116,SO
DAOP6,PC,DAOP-OP_ADM4,Core i3 -4160,10.11.0.117,SO
DAOP6,PC,DAOP-OP_ADM1,LENOVO H520E - Pentium,10.11.0.118,SO
DAOP6,PC,DAOP-OP_ADM2,HP120 - Core i3 -4160,10.11.0.119,SO
DAOP6,PC,DAOP-OP_ADM3,HP120 - Core i3 -4160,10.11.0.120,SO
DAOP6,PC,DAOP-OP_AMOP,HP 120 DESKTOP PC - Core i3 -4160,10.11.0.121,SO
DAOP6,PC,DAOP-OP_AMPERKA,LENOVO H520E - Pentium,10.11.0.122,SO
DAOP6,PC,DAOP-OPDSGN,Dell - Inspiron 3671 I5-9400 - Core i5-9400,10.11.0.123,SO
DAOP6,PC,DAOP-ASETADM1,Rakitan - Core i5 -4440,10.11.0.156,SO
DAOP6,PC,DAOP-ASETADM2,HP PRO 3300 - Core i3 -2120,10.11.0.157,SO
DAOP6,PC,DAOP-ASETADM3,Dell - Vostro 3670 - core i3 - 8100,10.11.0.158,SO
DAOP6,PC,DAOP-ASETADM4,Rakitan - Core i3 -2100,10.11.0.159,SO
DAOP6,PC,DAOP-ASETADM6,Rakitan - Core i5 -2310,TIDAK KONEK,SO
DAOP6,PC,DAOP-ASETADM7,Rakitan - Core 2 duo,10.11.0.161,SO
DAOP6,PC,DAOP-ASETADM9,Rakitan - Core i5 -540,TIDAK KONEK,SO
DAOP6,PC,DAOP-ASETADM10,Rakitan - Core i3 -2100,10.11.0.163,SO
DAOP6,PC,DAOP-ASETAM1,Asus Dekstop pc - Core i3 -4170,TIDAK KONEK,SO
DAOP6,PC,DAOP-ASETAM2,,10.11.0.165,SO
DAOP6,PC,DAOP-ASETAM3,,10.11.0.166,SO
DAOP6,PC,DAOP-ASETADM5,Rakitan - Core i3 -2130,TIDAK KONEK,SO
DAOP6,PC,DAOP-PADESIGN,Dell Inspriron 3671 - Core i5-9400,10.11.0.222,SO
DAOP6,PC,DAOP-ASET1,Rakitan - Core i3-2130,TIDAK KONEK,SO
DAOP6,PC,DAOP-KOM_CS1,,,SO
DAOP6,PC,DAOP-KOM_STAFF2,ACER ASPIRE - Core i5 -8400,10.11.0.180,SO
DAOP6,PC,DAOP-KOM_STAFF3,,10.11.0.172,SO
DAOP6,PC,DAOP-KOM_S_CC,HP - Core i3 -6100,10.11.0.190,SO
DAOP6,PC,DAOP-KOM_AMCC,HP - Core i3 -6100,10.11.0.174,SO
DAOP6,PC,DAOP-KOM_WWN,DELL VOSTRO - Core i5 -8400,10.11.0.170,SO
DAOP6,PC,DAOP-KOM_AGS,DELL VOSTRO - Core i5 -8400,10.11.0.178,SO
DAOP6,PC,DAOP-KOM_STAFF5,DELL VOSTRO - Core i5 -8400,10.11.0.194,SO
DAOP6,PC,DAOP-KOM_CS2,ACER ASPIRE - Core i5 -7400,10.11.0.195,SO
DAOP6,PC,DAOP-KOM_CS1,HP p6230I - Pentium dual core,10.11.0.180,SO
DAOP6,PC,DAOP-KOM_STAFF4,ASUS K31CD - Core i3 -6100,10.11.0.177,SO
DAOP6,PC,DAOP-KOM_AMSARPEN,DELL VOSTRO - Core i5 -8400,10.11.0.179,SO
DAOP6,PC,DAOP-KOM_MAN,ASUS K31CD - Core i3 -6100,,SO
DAOP6,PC,DAOP-KOMDSGN,Dell Inspiron 3671 - Core I5 -9400,10.11.0.194,SO
DAOP6,PC,DAOP-IT184,HP 3330 MT - Core i3 -3240,10.11.0.184,SO
DAOP6,PC,DAOP-IT186,ASUS - Core i3-4170,10.11.0.186,SO
DAOP6,PC,DAOP-IT185,DELL Inspiron 3671 - Core I3-9100,10.11.0.185,SO
DAOP6,PC,DAOP-IT188,DELL Inspiron 3671 - Core I3-9100,10.11.0.188,SO
DAOP6,PC,DAOP-IT_189,DELL Inspiron 3671 - Core I3-9100,10.11.0.189,SO
DAOP6,PC,DAOP-IT187,COMPAQ CQ3321L,10.11.0.187,SO
DAOP6,PC,DAOP-IT_AM1,,10.11.0.183,SO
DAOP6,PC,DAOP-IT_AM2,,10.11.0.182,SO
DAOP6,PC,DAOP-IT MAN,Dell - Inspiron 3250,,SO
DAOP6,PC,SERVER-KAV,DELL - Intel Xeon,10.11.0.80,SO
DAOP6,PC,DAOP-SERVERTAY,,10.11.0.213,SO
DAOP6,PC,DAOP-ITDESIGN,DELL Inspiron 3671 - Core I5 -9100,10.11.0.226,SO
DAOP6,PC,DAOP-RAKOR_PC1,DELL Inspiron 3470,,SO
DAOP6,PC,DAOP-RAKOR_PC2,DELL Inspiron 3470,,SO
DAOP6,PC,DAOP-RAKOR_PC3,DELL XPS 8930,,SO
DAOP6,PC,DAOP-BIMALOKA,,10.11.0.212,SO
DAOP6,PC,DAOP-SEKDA,ASUS BM2AD_D310312510MT_ED3,10.11.0.171,SO
DAOP6,PC,DAOP-SEKDA2,HP p2-1280d,,SO
DAOP6,PC,DAOP-EVP,DELL Inspiron 3470,,SO
DAOP6,PC,DAOP-DEPUTY,,,SO
DAOP6,PC,DAOP-STL_AMSS,MINI PC LENOVO IDEA CORE - 3217u,10.11.50.153,SO
DAOP6,PC,DAOP-STL_AMIE,MINI PC LENOVO IDEA CORE - 3217u,10.11.50.154,SO
DAOP6,PC,DAOP-STL_AMPNKP,MINI PC LENOVO IDEA CORE - 3217u,10.11.50.164,SO
DAOP6,PC,DAOP-STL_AMPRKP,MINI PC LENOVO IDEA CORE - 3217u,10.11.50.162,SO
DAOP6,PC,DAOP-STL_MAN,,10.11.50.151,SO
DAOP6,PC,DAOP-STL_STAFF1,HP PRO 3005mt - AMD Phenom II X2,,SO
DAOP6,PC,DAOP-STL_STAFF2,Rakitan - Core i3 -2100,,SO
DAOP6,PC,DAOP-STL_STAFF3,Dell - Vostro 3670 - Core i3 -9100,10.11.50.156,SO
DAOP6,PC,DAOP-STLDSGN,Dell -Inspiron 3671 - Core I5-9400,10.11.50.163,SO
DAOP6,Printer,EPSON L565,EPSON L565,,SO
DAOP6,Printer,EPSON L210,EPSON L210,,SO
DAOP6,Printer,HP LASERJET P1006,HP LASERJET P1006,,SO
DAOP6,Printer,EPSON L200,EPSON L200,,SO
DAOP6,Printer,HP LASERJET P2035,HP LASERJET P2035,,SO
DAOP6,Printer,CANON PIXMA IX6560,CANON PIXMA IX6560,,SO
DAOP6,Printer,EPSON L360,EPSON L360,,SO
DAOP6,Printer,EPSON L220,EPSON L220,,SO
DAOP6,Printer,HP LASERJET M1212nf MFP,HP LASERJET M1212nf MFP,,SO
DAOP6,Printer,EPSON L360,EPSON L360,,SO
DAOP6,Printer,EPSON L360,EPSON L360,,SO
DAOP6,Printer,CANON IP2770,CANON IP2770,,SO
DAOP6,Printer,EPSON L220,EPSON L220,,SO
DAOP6,Printer,EPSON GT-2500,EPSON GT-2500,,SO
DAOP6,Printer,HP LASERJET M13191F MFP,HP LASERJET M13191F MFP,,SO
DAOP6,Printer,EPSON L385,EPSON L385,,SO
DAOP6,Printer,EPSON L3110,EPSON L3110,,SO
DAOP6,Printer,EPSON L3110,EPSON L3110,,SO
DAOP6,Printer,EPSON L1455,EPSON L1455,,SO
DAOP6,Printer,EPSON L3110,EPSON L3110,,SO
DAOP6,Printer,BROTHER DCP-L2540DW,BROTHER DCP-L2540DW,,SO
DAOP6,Printer,HP LASERJET MFP M177fw,HP LASERJET MFP M177fw,,SO
DAOP6,Printer,EPSON L3150,EPSON L3150,,SO
DAOP6,Printer,EPSON LQ145,EPSON LQ145,,SO
DAOP6,Printer,LI1020,LI1020,,SO
DAOP6,Printer,EPSON LQ145,EPSON LQ145,,SO
DAOP6,Printer,Brother DCP-L7540DW,Brother DCP-L7540DW,,SO
DAOP6,Printer,Color Laserjet Pro M177 Fw,Color Laserjet Pro M177 Fw,,SO
DAOP6,Printer,HP INKTANK WIreLESS 415,HP INKTANK WIreLESS 415,,SO
DAOP6,Printer,EPSON L3110,EPSON L3110,,SO
DAOP6,Printer,EPSON L565,EPSON L565,,SO
DAOP6,Printer,Epson LQ 2190,Epson LQ 2190,,SO
DAOP6,Printer,HP COLOR LASER JET PRO MFPM177FW,HP COLOR LASER JET PRO MFPM177FW,,SO
DAOP6,Printer,Brother DCP-L7540DW,Brother DCP-L7540DW,,SO
DAOP6,Printer,BROTHER DCP-T710W,BROTHER DCP-T710W,,SO
DAOP6,Printer,HP LASERJET P1102w,HP LASERJET P1102w,,SO
DAOP6,Printer,EPSON L210,EPSON L210,,SO
DAOP6,Printer,CANON PIXMA MP287,CANON PIXMA MP287,,SO
DAOP6,Printer,CANON PIXMA MP258,CANON PIXMA MP258,,SO
DAOP6,Printer,EPSON L360,EPSON L360,,SO
DAOP6,Printer,EPSON L3110,EPSON L3110,,SO
DAOP6,Printer,EPSON L220,EPSON L220,,SO
DAOP6,Printer,HP COLOR LASER JET PRO MFPM177FW,HP COLOR LASER JET PRO MFPM177FW,,SO
"DAOP6,Printer,""EPSON L360"
"HP"",""EPSON L360"
"HP"",,SO"
DAOP6,Printer,EPSON L360,EPSON L360,,SO
DAOP6,Printer,EPSON L220,EPSON L220,,SO
DAOP6,Printer,BROTHER J6710DW,BROTHER J6710DW,,SO
DAOP6,Printer,EPSON L360,EPSON L360,,SO
DAOP6,Printer,EPSON L3110,EPSON L3110,,SO
DAOP6,Printer,EPSON L3110,EPSON L3110,,SO
DAOP6,Printer,EPSON L360,EPSON L360,,SO
DAOP6,Printer,HP DESKJET INK ADVAN 2135,HP DESKJET INK ADVAN 2135,,SO
DAOP6,Printer,EPSON L3110,EPSON L3110,,SO
DAOP6,Printer,EPSON L360,EPSON L360,,SO
DAOP6,Printer,EPSON L310,EPSON L310,,SO
DAOP6,Printer,HP LASERJET PRO MFP M130FW,HP LASERJET PRO MFP M130FW,,SO
DAOP6,Printer,CANON PIXMA MX 397,CANON PIXMA MX 397,,SO
DAOP6,Printer,CANON PIXMA MP287,CANON PIXMA MP287,,SO
DAOP6,Printer,CANON IP2770,CANON IP2770,,SO
DAOP6,Printer,Brother,Brother,,SO
DAOP6,Printer,EPSON L3110,EPSON L3110,,SO
DAOP6,Printer,CANON PIXMA,CANON PIXMA,,SO
DAOP6,Printer,-,-,,SO
DAOP6,Printer,EPSON L3110,EPSON L3110,,SO
DAOP6,Printer,EPSON L1800,EPSON L1800,,SO
DAOP6,Printer,SCANJET PRO 2000 S1,SCANJET PRO 2000 S1,,SO
DAOP6,Printer,-,-,,SO
DAOP6,Printer,EPSON L1800,EPSON L1800,,SO
DAOP6,Printer,-,-,,SO
DAOP6,Printer,CANON MG2570,CANON MG2570,,SO
DAOP6,Printer,EPSON L3110,EPSON L3110,,SO
DAOP6,Printer,-,-,,SO
DAOP6,Printer,EPSON L1800,EPSON L1800,,SO
DAOP6,Printer,CANON G2010,CANON G2010,,SO
DAOP6,Printer,EPSON L220,EPSON L220,,SO
DAOP6,Printer,EPSON L360,EPSON L360,,SO
DAOP6,Printer,EPSON L360,EPSON L360,,SO
DAOP6,Printer,EPSON L220,EPSON L220,,SO
DAOP6,Printer,EPSON L3110,EPSON L3110,,SO
DAOP6,Printer,EPSON L220,EPSON L220,,SO
DAOP6,Printer,EPSON L3110,EPSON L3110,,SO
DAOP6,Printer,EPSON L210,EPSON L210,,SO
DAOP6,Printer,HONEYWELL PC24T,HONEYWELL PC24T,,SO
DAOP6,Printer,EPSON L3310,EPSON L3310,,SO
DAOP6,Printer,LASERJET M1212NF MFP,LASERJET M1212NF MFP,,SO
DAOP6,Printer,Epson L3110,Epson L3110,,SO
DAOP6,Printer,EPSON L565,EPSON L565,,SO
DAOP6,Printer,BROTHER DCP-T700W,BROTHER DCP-T700W,,SO
DAOP6,Printer,EPSON L100,EPSON L100,,SO
DAOP6,Printer,EPSON L210,EPSON L210,,SO
